/*
MySQL Backup
Source Server Version: 5.5.40
Source Database: acbkjg
Date: 2018/12/27 ĞÇÆÚËÄ 08:54:09
*/

SET FOREIGN_KEY_CHECKS=0;

-- ----------------------------
--  Table structure for `author`
-- ----------------------------
DROP TABLE IF EXISTS `author`;
CREATE TABLE `author` (
  `id` int(11) NOT NULL AUTO_INCREMENT,
  `uid` int(11) DEFAULT NULL,
  `aid` int(11) DEFAULT NULL,
  `menu` varchar(20) DEFAULT NULL,
  `urls` varchar(50) DEFAULT NULL,
  `status` tinyint(4) DEFAULT NULL,
  PRIMARY KEY (`id`)
) ENGINE=MyISAM AUTO_INCREMENT=124 DEFAULT CHARSET=gbk;

-- ----------------------------
--  Table structure for `authors`
-- ----------------------------
DROP TABLE IF EXISTS `authors`;
CREATE TABLE `authors` (
  `id` int(11) NOT NULL AUTO_INCREMENT,
  `role_id` int(11) DEFAULT NULL,
  `url_id` int(11) DEFAULT NULL,
  `status` tinyint(4) DEFAULT NULL,
  PRIMARY KEY (`id`)
) ENGINE=MyISAM DEFAULT CHARSET=gbk;

-- ----------------------------
--  Table structure for `fenbus`
-- ----------------------------
DROP TABLE IF EXISTS `fenbus`;
CREATE TABLE `fenbus` (
  `id` int(11) NOT NULL AUTO_INCREMENT,
  `fenbu` varchar(20) DEFAULT NULL,
  PRIMARY KEY (`id`)
) ENGINE=MyISAM AUTO_INCREMENT=7 DEFAULT CHARSET=gbk;

-- ----------------------------
--  Table structure for `gangweis`
-- ----------------------------
DROP TABLE IF EXISTS `gangweis`;
CREATE TABLE `gangweis` (
  `id` int(11) NOT NULL AUTO_INCREMENT,
  `gangwei` varchar(20) DEFAULT NULL,
  PRIMARY KEY (`id`)
) ENGINE=MyISAM AUTO_INCREMENT=8 DEFAULT CHARSET=gbk;

-- ----------------------------
--  Table structure for `guests`
-- ----------------------------
DROP TABLE IF EXISTS `guests`;
CREATE TABLE `guests` (
  `id` int(11) NOT NULL AUTO_INCREMENT,
  `gid` int(11) DEFAULT NULL,
  `uid` int(11) DEFAULT NULL,
  `status` tinyint(4) DEFAULT NULL,
  `datetime` int(11) DEFAULT NULL,
  PRIMARY KEY (`id`)
) ENGINE=MyISAM DEFAULT CHARSET=gbk;

-- ----------------------------
--  Table structure for `labels`
-- ----------------------------
DROP TABLE IF EXISTS `labels`;
CREATE TABLE `labels` (
  `id` int(11) NOT NULL AUTO_INCREMENT,
  `rid` int(11) DEFAULT NULL,
  `uid` int(11) DEFAULT NULL,
  `labels` varchar(600) DEFAULT NULL,
  `marks` varchar(200) DEFAULT NULL,
  `status` tinyint(4) DEFAULT NULL,
  `datetime` datetime DEFAULT NULL,
  PRIMARY KEY (`id`)
) ENGINE=MyISAM AUTO_INCREMENT=9 DEFAULT CHARSET=gbk;

-- ----------------------------
--  Table structure for `levels`
-- ----------------------------
DROP TABLE IF EXISTS `levels`;
CREATE TABLE `levels` (
  `id` tinyint(4) NOT NULL AUTO_INCREMENT,
  `level` char(10) DEFAULT NULL,
  `status` tinyint(4) DEFAULT NULL,
  `uid` int(11) DEFAULT NULL,
  `marks` varchar(20) DEFAULT NULL,
  PRIMARY KEY (`id`)
) ENGINE=MyISAM AUTO_INCREMENT=19 DEFAULT CHARSET=gbk;

-- ----------------------------
--  Table structure for `menus`
-- ----------------------------
DROP TABLE IF EXISTS `menus`;
CREATE TABLE `menus` (
  `id` int(11) NOT NULL AUTO_INCREMENT,
  `m_name` varchar(20) DEFAULT NULL,
  `m_model` varchar(20) DEFAULT NULL,
  `m_ctrl` varchar(20) DEFAULT NULL,
  `m_method` varchar(20) DEFAULT NULL,
  `m_param` varchar(20) DEFAULT NULL,
  `m_icon` varchar(20) DEFAULT NULL,
  `levels` int(11) DEFAULT NULL,
  `status` tinyint(4) DEFAULT NULL,
  PRIMARY KEY (`id`)
) ENGINE=MyISAM AUTO_INCREMENT=14 DEFAULT CHARSET=gbk;

-- ----------------------------
--  Table structure for `orders`
-- ----------------------------
DROP TABLE IF EXISTS `orders`;
CREATE TABLE `orders` (
  `id` int(11) NOT NULL AUTO_INCREMENT,
  `pid` int(11) DEFAULT NULL,
  `uid` int(11) DEFAULT NULL,
  `status` tinyint(4) DEFAULT NULL,
  `exam` tinyint(4) DEFAULT NULL,
  `sugges` varchar(100) DEFAULT NULL,
  `datetime` datetime DEFAULT NULL,
  PRIMARY KEY (`id`)
) ENGINE=MyISAM AUTO_INCREMENT=2 DEFAULT CHARSET=gbk;

-- ----------------------------
--  Table structure for `projects`
-- ----------------------------
DROP TABLE IF EXISTS `projects`;
CREATE TABLE `projects` (
  `id` int(11) NOT NULL AUTO_INCREMENT,
  `project` varchar(20) DEFAULT NULL,
  `class` varchar(10) DEFAULT NULL,
  `ptype` varchar(10) DEFAULT NULL,
  `status` tinyint(4) DEFAULT NULL,
  PRIMARY KEY (`id`)
) ENGINE=MyISAM AUTO_INCREMENT=41 DEFAULT CHARSET=gbk;

-- ----------------------------
--  Table structure for `resource`
-- ----------------------------
DROP TABLE IF EXISTS `resource`;
CREATE TABLE `resource` (
  `id` int(11) NOT NULL AUTO_INCREMENT,
  `project` varchar(20) DEFAULT NULL,
  `province` varchar(20) DEFAULT NULL,
  `city` varchar(20) DEFAULT NULL,
  `guest` varchar(20) DEFAULT NULL,
  `tel` varchar(12) DEFAULT NULL,
  `company` varchar(50) DEFAULT NULL,
  `profes` varchar(20) DEFAULT NULL,
  `class` varchar(20) DEFAULT NULL,
  `email` varchar(30) DEFAULT NULL,
  `intent` varchar(10) DEFAULT NULL,
  `sound` varchar(100) DEFAULT NULL,
  `marks` varchar(100) DEFAULT NULL,
  `label` varchar(600) DEFAULT NULL,
  `status` tinyint(4) DEFAULT NULL,
  `uid` int(11) DEFAULT NULL,
  `zytype` varchar(10) DEFAULT NULL,
  `datetime` datetime DEFAULT NULL,
  PRIMARY KEY (`id`)
) ENGINE=MyISAM AUTO_INCREMENT=342 DEFAULT CHARSET=gbk;

-- ----------------------------
--  Table structure for `role_user`
-- ----------------------------
DROP TABLE IF EXISTS `role_user`;
CREATE TABLE `role_user` (
  `id` int(11) NOT NULL AUTO_INCREMENT,
  `role_id` tinyint(4) DEFAULT NULL,
  `user_id` int(11) DEFAULT NULL,
  `status` tinyint(4) DEFAULT NULL,
  PRIMARY KEY (`id`)
) ENGINE=MyISAM DEFAULT CHARSET=gbk;

-- ----------------------------
--  Table structure for `roles`
-- ----------------------------
DROP TABLE IF EXISTS `roles`;
CREATE TABLE `roles` (
  `id` int(11) NOT NULL AUTO_INCREMENT,
  `role` varchar(20) DEFAULT NULL,
  `status` tinyint(4) DEFAULT NULL,
  PRIMARY KEY (`id`)
) ENGINE=MyISAM AUTO_INCREMENT=5 DEFAULT CHARSET=gbk;

-- ----------------------------
--  Table structure for `shenfens`
-- ----------------------------
DROP TABLE IF EXISTS `shenfens`;
CREATE TABLE `shenfens` (
  `id` int(11) NOT NULL AUTO_INCREMENT,
  `shenfen` varchar(20) DEFAULT NULL,
  `status` tinyint(4) DEFAULT NULL,
  PRIMARY KEY (`id`)
) ENGINE=MyISAM AUTO_INCREMENT=7 DEFAULT CHARSET=gbk;

-- ----------------------------
--  Table structure for `shengs`
-- ----------------------------
DROP TABLE IF EXISTS `shengs`;
CREATE TABLE `shengs` (
  `id` int(11) NOT NULL AUTO_INCREMENT,
  `sheng` varchar(20) DEFAULT NULL,
  PRIMARY KEY (`id`)
) ENGINE=MyISAM AUTO_INCREMENT=7 DEFAULT CHARSET=gbk;

-- ----------------------------
--  Table structure for `sounds`
-- ----------------------------
DROP TABLE IF EXISTS `sounds`;
CREATE TABLE `sounds` (
  `id` int(11) NOT NULL AUTO_INCREMENT,
  `project` varchar(20) DEFAULT NULL,
  `guest` varchar(20) DEFAULT NULL,
  `sound` varchar(100) DEFAULT NULL,
  `datetime` datetime DEFAULT NULL,
  `times` varchar(20) DEFAULT NULL,
  `saler` varchar(20) DEFAULT NULL,
  `status` tinyint(4) DEFAULT NULL,
  PRIMARY KEY (`id`)
) ENGINE=MyISAM DEFAULT CHARSET=gbk;

-- ----------------------------
--  Table structure for `users`
-- ----------------------------
DROP TABLE IF EXISTS `users`;
CREATE TABLE `users` (
  `id` int(11) NOT NULL AUTO_INCREMENT,
  `uname` varchar(20) DEFAULT NULL,
  `uid` varchar(20) DEFAULT NULL,
  `pwd` varchar(20) DEFAULT NULL,
  `sid` int(11) DEFAULT NULL,
  `fid` int(11) DEFAULT NULL,
  `bid` int(11) DEFAULT NULL,
  `gid` int(11) DEFAULT NULL,
  `status` tinyint(4) DEFAULT NULL,
  `picurl` varchar(100) DEFAULT NULL,
  `createtime` datetime DEFAULT NULL,
  PRIMARY KEY (`id`)
) ENGINE=MyISAM AUTO_INCREMENT=9 DEFAULT CHARSET=gbk;

-- ----------------------------
--  Records 
-- ----------------------------
INSERT INTO `author` VALUES ('94','1','2','èµ„æºç®¡ç†','/admin/ziyuan/kecheng','1'), ('95','1','7','è¯¾ç¨‹','/admin/ziyuan/kecheng','1'), ('96','1','8','å­¦å†','/admin/ziyuan/xueli','1'), ('97','1','9','è¯ä¹¦','/admin/ziyuan/zhengshu','1'), ('123','2','12','é€šè¯è®°å½•','/admin/users/jilu','1'), ('122','2','3','ç”¨æˆ·ç®¡ç†','/admin/users/jilu','1'), ('106','3','1','é¡¹ç›®ç®¡ç†','/admin/xiangmu/kecheng','1'), ('107','3','4','è¯¾ç¨‹','/admin/xiangmu/kecheng','1'), ('108','3','5','å­¦å†','/admin/xiangmu/xueli','1'), ('109','3','6','è¯ä¹¦','/admin/xiangmu/zhengshu','1'), ('110','3','2','èµ„æºç®¡ç†','/admin/ziyuan/kecheng','1'), ('111','3','7','è¯¾ç¨‹','/admin/ziyuan/kecheng','1'), ('112','3','8','å­¦å†','/admin/ziyuan/xueli','1'), ('113','3','9','è¯ä¹¦','/admin/ziyuan/zhengshu','1'), ('114','3','3','ç”¨æˆ·ç®¡ç†','/admin/users/add','1'), ('115','3','10','æ–°å»ºç”¨æˆ·','/admin/users/add','1'), ('116','3','11','ç”¨æˆ·åˆ—è¡¨','/admin/users/lists','1'), ('117','3','12','é€šè¯è®°å½•','/admin/users/jilu','1'), ('118','3','13','è®¢å•å®¡æ‰¹','/admin/users/shenpi','1');
INSERT INTO `fenbus` VALUES ('1','ä¸€éƒ¨'), ('2','äºŒéƒ¨'), ('3','ä¸‰éƒ¨');
INSERT INTO `gangweis` VALUES ('1','é”€å”®ä¸“å‘˜'), ('2','é”€å”®ä¸»ç®¡'), ('7','é”€å”®æ€»ç›‘');
INSERT INTO `labels` VALUES ('1','336','1','{\"area\":\"å¹¿ä¸œçœ\",\"people\":\"1äºº\",\"edu\":\"ä¸­ä¸“\",\"train\":\"æœ‰\",\"age\":\"30-35å²\",\"sex\":\"ç”·\",\"capa\":\"ä¸­å±‚\",\"pros\":\"æ¶ˆé˜²\",\"will\":\"C(ä»¥åå†è¯´)\",\"call\":\"æœªæ¥å¬\"}','æµ‹è¯•ä¸€ä¸‹èƒ½ä¸èƒ½ä¿å­˜ï¼','1','2018-12-25 00:00:00'), ('2','336','1','{\"area\":\"å¹¿ä¸œçœ\",\"people\":\"2-5äºº\",\"edu\":\"ä¸­ä¸“\",\"train\":\"æœ‰\",\"age\":\"25å²ä»¥ä¸‹\",\"sex\":\"å¥³\",\"capa\":\"ä¸­å±‚\",\"pros\":\"æ¶ˆé˜²\",\"will\":\"B(è€ƒè™‘ä¸­)\",\"call\":\"é€šè¯è‰¯å¥½\"}','ä½ å¥½å•Šï¼','1','2018-12-25 04:30:06'), ('3','334','1','{\"area\":\"å¹¿ä¸œçœ\",\"people\":\"5-10äºº\",\"edu\":\"æœ¬ç§‘\",\"train\":\"\",\"age\":\"30-35å²\",\"sex\":\"å¥³\",\"capa\":\"ä¸­å±‚\",\"pros\":\"å…¬è·¯æ°´è¿\",\"will\":\"C(ä»¥åå†è¯´)\",\"call\":\"æœªæ¥å¬\"}','è¿™æ˜¯ä¸€ä¸ªæµ‹è¯•å†…å®¹ï¼','1','2018-12-25 04:31:25'), ('5','334','1','{\"area\":\"\",\"people\":\"\",\"edu\":\"\",\"train\":\"\",\"age\":\"\",\"sex\":\"\",\"capa\":\"\",\"pros\":\"\",\"will\":\"\",\"call\":\"\"}','è¯·åœ¨æ­¤å¤„è¾“å…¥å†…å®¹','1','2018-12-25 04:36:59'), ('6','336','1','{\"area\":\"å¹¿ä¸œçœ\",\"people\":\"2-5äºº\",\"edu\":\"ä¸­ä¸“\",\"train\":\"æ— \",\"age\":\"25-30å²\",\"sex\":\"å¥³\",\"capa\":\"ä¼ä¸šä¸»\",\"pros\":\"äºŒå»º\",\"will\":\"B(è€ƒè™‘ä¸­)\",\"call\":\"ç©ºå·\"}','æµ‹è¯•ä¸€ä¸‹','1','2018-12-25 04:41:47'), ('7','336','1','{\"area\":\"å¹¿ä¸œçœ\",\"people\":\"2-5äºº\",\"edu\":\"ä¸­ä¸“\",\"train\":\"æœ‰\",\"age\":\"25-30å²\",\"sex\":\"ç”·\",\"capa\":\"ä¸­å±‚\",\"pros\":\"äºŒå»º\",\"will\":\"B(è€ƒè™‘ä¸­)\",\"call\":\"é€šè¯è‰¯å¥½\"}','æ­¤å®¢æˆ·è”ç³»ä¸ä¸Šï¼','1','2018-12-25 04:43:52');
INSERT INTO `levels` VALUES ('1','A','1','1','è¦æŠ¥ç­'), ('2','B','1','1','è€ƒè™‘ä¸­'), ('3','C','1','1','ä»¥åå†è¯´'), ('4','D','1','1',NULL), ('5','E','1','2',NULL), ('6','F','1','2',NULL), ('7','G','1','2',NULL), ('8','S','1','2',NULL), ('10','H','1','3',NULL), ('11','K','1','3',NULL), ('12','å¾ˆæœ‰æ„å‘','1','3',NULL), ('13','æµ‹è¯•ä¸€ä¸‹','0','1',NULL), ('14','å¯ä»¥å•¦','0','1',NULL), ('15','é©¬ä¸Šæˆäº¤','0','1',NULL), ('16','æ„å‘æ˜ç¡®','1','7',NULL), ('17','å¾ˆæœ‰æ„å‘','1','7',NULL), ('18','å¸Œæœ›ä¸å¤§','1','7',NULL);
INSERT INTO `menus` VALUES ('1','é¡¹ç›®ç®¡ç†','admin','xiangmu','kecheng','menu/0','file-text-o','0','1'), ('2','èµ„æºç®¡ç†','admin','ziyuan','kecheng','menu/1','file-text-o','0','1'), ('3','ç”¨æˆ·ç®¡ç†','admin','users','jilu','menu/2/nav/2','file-text-o','0','1'), ('4','è¯¾ç¨‹','admin','xiangmu','kecheng','nav2/0','file-text-o','1','1'), ('5','å­¦å†','admin','xiangmu','xueli','nav2/1','file-text-o','1','1'), ('6','è¯ä¹¦','admin','xiangmu','zhengshu','nav2/2','file-text-o','1','1'), ('7','è¯¾ç¨‹','admin','ziyuan','kecheng','nav3/0','file-text-o','2','1'), ('8','å­¦å†','admin','ziyuan','xueli','nav3/1','file-text-o','2','1'), ('9','è¯ä¹¦','admin','ziyuan','zhengshu','nav3/2','file-text-o','2','1'), ('10','æ–°å»ºç”¨æˆ·','admin','users','add','nav/0','file-text-o','3','1'), ('11','ç”¨æˆ·åˆ—è¡¨','admin','users','lists','nav/1','file-text-o','3','1'), ('12','é€šè¯è®°å½•','admin','users','jilu','nav/2','file-text-o','3','1'), ('13','è®¢å•å®¡æ‰¹','admin','users','shenpi','nav/3','file-text-o','3','1');
INSERT INTO `orders` VALUES ('1','281','7','1','-1','å¯¹æ–¹ç”µè¯å·ç ä¸å­˜åœ¨','2018-12-13 11:10:13');
INSERT INTO `projects` VALUES ('1','æ¹–å—ä¸­çº§å·¥ç¨‹å¸ˆ','kecheng','project','1'), ('2','ç”µå™¨ç±»','kecheng','ptype','1'), ('3','ç ”ç©¶ç”Ÿç­','kecheng','school','1'), ('4','å…¬è·¯æ°´è¿æ£€æµ‹å¸ˆ','kecheng','project','1'), ('5','ä¸€çº§å»ºé€ å¸ˆ','kecheng','project','1'), ('6','äºŒçº§å»ºé€ å¸ˆ','kecheng','project','1'), ('7','æ¶ˆé˜²å·¥ç¨‹å¸ˆ','kecheng','project','1'), ('8','å®‰å…¨å·¥ç¨‹å¸ˆ','kecheng','project','1'), ('9','é€ ä»·å·¥ç¨‹å¸ˆ','kecheng','project','1'), ('10','ç›‘ç†å·¥ç¨‹å¸ˆ','kecheng','project','1'), ('11','å•†åŠ¡å­¦é™¢ç­','kecheng','school','1'), ('12','ä¸“ä¸šå•†åŠ¡ç­','kecheng','school','1'), ('13','ç”µå™¨å·¥ç¨‹å¸ˆ','kecheng','project','1'), ('14','å»ºç­‘ç±»','kecheng','ptype','1'), ('15','å·¥ç¨‹ç±»','kecheng','ptype','1'), ('16','ç ”ç©¶ç”Ÿ','xueli','project','0'), ('17','ä¸­ä¸“','xueli','project','1'), ('18','å¤§ä¸“','xueli','project','1'), ('19','æœ¬ç§‘','xueli','project','0'), ('20','åœŸæœ¨å·¥ç¨‹','xueli','ptype','1'), ('21','åŒ—äº¬å»ºç­‘å­¦é™¢','xueli','school','1'), ('22','ç”µå™¨å·¥ç¨‹å¸ˆ','zhengshu','project','1'), ('23','å…¬è·¯æ°´è¿æ£€æµ‹å¸ˆ','zhengshu','project','1'), ('24','ç”µå™¨ç±»','zhengshu','ptype','1'), ('25','æ­¦æ±‰å¤§å­¦','zhengshu','school','1'), ('26','æ¸…åå¤§å­¦','zhengshu','school','0'), ('27','å®‰å…¨ç±»','zhengshu','ptype','0'), ('28','ä¸€çº§å»ºé€ å¸ˆ','zhengshu','project','0'), ('32','ä¸‰çº§å»ºé€ å¸ˆ','kecheng','project','0'), ('33','å®‰é˜²ç±»','kecheng','ptype','0'), ('34','åšå£«ç”Ÿç­','kecheng','school','0'), ('35','æœ¬ç§‘','xueli','project','1'), ('36','å»ºç­‘å·¥ç¨‹','xueli','ptype','1'), ('37','æ²³å—å¤§å­¦','xueli','school','0'), ('38','æ¶ˆé˜²å·¥ç¨‹å¸ˆ','zhengshu','project','1'), ('39','ç¯ä¿ç±»','zhengshu','ptype','0'), ('40','å¤æ—¦å¤§å­¦','zhengshu','school','0');
INSERT INTO `resource` VALUES ('287','å®‰å…¨å·¥ç¨‹å¸ˆ','æ²³å—çœ','ä¸œèå¸‚','å¼ å¤§åƒ','13936987456','å¹¿å·å¸‚å»ºå§”',NULL,NULL,NULL,'G',NULL,'æš‚æ— ','ç©ºå·','1','0','kecheng','2018-12-22 10:11:19'), ('294','ä¸€çº§å»ºé€ å¸ˆ','å¹¿ä¸œçœ','æ·±åœ³å¸‚','é‚“å­æ˜','13936987456','å¹¿å·å¸‚å»ºå§”',NULL,NULL,NULL,'A',NULL,'æš‚æ— ','ç©ºå·','1','0','kecheng','2018-12-24 09:08:07'), ('289','äºŒçº§å»ºé€ å¸ˆ','æ²³å—çœ','ä¸­å±±å¸‚','è¯¸è‘›äº®','13936987456','å¹¿å·å¸‚å»ºå§”',NULL,NULL,NULL,'F',NULL,'æš‚æ— ','ç©ºå·','1','0','kecheng','2018-12-22 10:11:19'), ('290','ä¸€çº§å»ºé€ å¸ˆ','æ²³å—çœ','æ·±åœ³å¸‚','é‚“å­æ˜','13936987456','å¹¿å·å¸‚å»ºå§”',NULL,NULL,NULL,'B',NULL,'æš‚æ— ','ç©ºå·','1','0','kecheng','2018-12-22 10:11:30'), ('291','å®‰å…¨å·¥ç¨‹å¸ˆ','æ²³å—çœ','ä¸œèå¸‚','å¼ å¤§åƒ','13936987456','å¹¿å·å¸‚å»ºå§”',NULL,NULL,NULL,'A',NULL,'æš‚æ— ','ç©ºå·','1','0','kecheng','2018-12-22 10:11:30'), ('292','é€ ä»·å·¥ç¨‹å¸ˆ','æ²³å—çœ','éƒ‘å·å¸‚','æå–„é•¿','13936987456','å¹¿å·å¸‚å»ºå§”',NULL,NULL,NULL,'',NULL,'æš‚æ— ','ç©ºå·','1','0','kecheng','2018-12-22 10:11:30'), ('293','äºŒçº§å»ºé€ å¸ˆ','å¹¿ä¸œçœ','ä¸­å±±å¸‚','è¯¸è‘›äº®','13936987456','å¹¿å·å¸‚å»ºå§”',NULL,NULL,NULL,'A',NULL,'æš‚æ— ','ç©ºå·','1','0','kecheng','2018-12-22 10:11:30'), ('295','å®‰å…¨å·¥ç¨‹å¸ˆ','å¹¿ä¸œçœ','ä¸œèå¸‚','å¼ å¤§åƒ','13936987456','å¹¿å·å¸‚å»ºå§”',NULL,NULL,NULL,'A',NULL,'æš‚æ— ','ç©ºå·','1','0','kecheng','2018-12-24 09:08:07'), ('296','é€ ä»·å·¥ç¨‹å¸ˆ','æ²³å—çœ','éƒ‘å·å¸‚','æå–„é•¿','13936987456','å¹¿å·å¸‚å»ºå§”',NULL,NULL,NULL,'A',NULL,'æš‚æ— ','ç©ºå·','1','0','kecheng','2018-12-24 09:08:07'), ('297','äºŒçº§å»ºé€ å¸ˆ','å¹¿ä¸œçœ','ä¸­å±±å¸‚','è¯¸è‘›äº®','13936987456','å¹¿å·å¸‚å»ºå§”',NULL,NULL,NULL,'A',NULL,'æš‚æ— ','ç©ºå·','1','0','kecheng','2018-12-24 09:08:07'), ('298','ä¸€çº§å»ºé€ å¸ˆ','å¹¿ä¸œçœ','æ·±åœ³å¸‚','é‚“å­æ˜','13936987456','å¹¿å·å¸‚å»ºå§”',NULL,NULL,NULL,'A',NULL,'æš‚æ— ','ç©ºå·','1','0','kecheng','2018-12-24 09:19:35'), ('299','å®‰å…¨å·¥ç¨‹å¸ˆ','å¹¿ä¸œçœ','ä¸œèå¸‚','å¼ å¤§åƒ','13936987456','å¹¿å·å¸‚å»ºå§”',NULL,NULL,NULL,'A',NULL,'æš‚æ— ','ç©ºå·','1','0','kecheng','2018-12-24 09:19:35'), ('300','é€ ä»·å·¥ç¨‹å¸ˆ','æ²³å—çœ','éƒ‘å·å¸‚','æå–„é•¿','13936987456','å¹¿å·å¸‚å»ºå§”',NULL,NULL,NULL,'A',NULL,'æš‚æ— ','ç©ºå·','1','0','kecheng','2018-12-24 09:19:35'), ('301','äºŒçº§å»ºé€ å¸ˆ','å¹¿ä¸œçœ','ä¸­å±±å¸‚','è¯¸è‘›äº®','13936987456','å¹¿å·å¸‚å»ºå§”',NULL,NULL,NULL,'A',NULL,'æš‚æ— ','ç©ºå·','1','0','kecheng','2018-12-24 09:19:35'), ('302','ç½‘ç»œå·¥ç¨‹å¸ˆ','å¹¿ä¸œçœ','æ·±åœ³å¸‚','èµµçº¢ä¼Ÿ','13936987456','å¹¿å·å¸‚å»ºå§”',NULL,NULL,NULL,'A',NULL,'æš‚æ— ','ç©ºå·','1','0','kecheng','2018-12-24 09:20:38'), ('303','å®‰å…¨å·¥ç¨‹å¸ˆ','å¹¿ä¸œçœ','ä¸œèå¸‚','å¼ å¤§åƒ','13936987456','å¹¿å·å¸‚å»ºå§”',NULL,NULL,NULL,'A',NULL,'æš‚æ— ','ç©ºå·','1','0','kecheng','2018-12-24 09:20:38'), ('304','é€ ä»·å·¥ç¨‹å¸ˆ','æ²³å—çœ','éƒ‘å·å¸‚','æå–„é•¿','13936987456','å¹¿å·å¸‚å»ºå§”',NULL,NULL,NULL,'A',NULL,'æš‚æ— ','ç©ºå·','1','0','kecheng','2018-12-24 09:20:38'), ('274','ä¸€çº§å»ºé€ å¸ˆ','å¹¿ä¸œçœ','æ·±åœ³å¸‚','é‚“å­æ˜','13936987456','å¹¿å·å¸‚å»ºå§”',NULL,NULL,NULL,'A',NULL,'æš‚æ— ','ç©ºå·','1','0','kecheng','2018-12-13 05:17:26'), ('275','å®‰å…¨å·¥ç¨‹å¸ˆ','å¹¿ä¸œçœ','ä¸œèå¸‚','å¼ å¤§åƒ','13936987456','å¹¿å·å¸‚å»ºå§”',NULL,NULL,NULL,'A',NULL,'æš‚æ— ','ç©ºå·','1','0','kecheng','2018-12-13 05:17:26'), ('276','é€ ä»·å·¥ç¨‹å¸ˆ','å¹¿ä¸œçœ','ä½›å±±å¸‚','æå–„é•¿','13936987456','å¹¿å·å¸‚å»ºå§”',NULL,NULL,NULL,'A',NULL,'æš‚æ— ','ç©ºå·','1','0','kecheng','2018-12-13 05:17:26'), ('277','äºŒçº§å»ºé€ å¸ˆ','å¹¿ä¸œçœ','ä¸­å±±å¸‚','è¯¸è‘›äº®','13936987456','å¹¿å·å¸‚å»ºå§”',NULL,NULL,NULL,'A',NULL,'æš‚æ— ','ç©ºå·','1','0','kecheng','2018-12-13 05:17:26'), ('278','ä¸€çº§å»ºé€ å¸ˆ','å¹¿ä¸œçœ','æ·±åœ³å¸‚','é‚“å­æ˜','13936987456','å¹¿å·å¸‚å»ºå§”',NULL,NULL,NULL,'A',NULL,'æš‚æ— ','ç©ºå·','1','0','kecheng','2018-12-13 05:19:12'), ('279','å®‰å…¨å·¥ç¨‹å¸ˆ','æ²³å—çœ','éƒ‘å·å¸‚','å¼ å¤§åƒ','13936987456','å¹¿å·å¸‚å»ºå§”',NULL,NULL,NULL,'A',NULL,'æš‚æ— ','ç©ºå·','1','0','kecheng','2018-12-13 05:19:12'), ('280','é€ ä»·å·¥ç¨‹å¸ˆ','å¹¿ä¸œçœ','ä½›å±±å¸‚','æå–„é•¿','13936987456','å¹¿å·å¸‚å»ºå§”',NULL,NULL,NULL,'A',NULL,'æš‚æ— ','ç©ºå·','1','0','kecheng','2018-12-13 05:19:12'), ('281','äºŒçº§å»ºé€ å¸ˆ','å¹¿ä¸œçœ','ä¸­å±±å¸‚','è¯¸è‘›äº®','13936987456','å¹¿å·å¸‚å»ºå§”',NULL,NULL,NULL,'A',NULL,'æš‚æ— ','ç©ºå·','1','0','kecheng','2018-12-13 05:19:12'), ('282','ä¸€çº§å»ºé€ å¸ˆ','å¹¿ä¸œçœ','æ·±åœ³å¸‚','é‚“å­æ˜','13936987456','å¹¿å·å¸‚å»ºå§”',NULL,NULL,NULL,'A',NULL,'æš‚æ— ','ç©ºå·','1','0','kecheng','2018-12-14 09:33:31'), ('283','å®‰å…¨å·¥ç¨‹å¸ˆ','å¹¿ä¸œçœ','ä¸œèå¸‚','å¼ å¤§åƒ','13936987456','å¹¿å·å¸‚å»ºå§”',NULL,NULL,NULL,'A',NULL,'æš‚æ— ','ç©ºå·','1','0','kecheng','2018-12-14 09:33:31'), ('284','é€ ä»·å·¥ç¨‹å¸ˆ','æ²³å—çœ','éƒ‘å·å¸‚','æå–„é•¿','13936987456','å¹¿å·å¸‚å»ºå§”',NULL,NULL,NULL,'A',NULL,'æš‚æ— ','ç©ºå·','1','0','kecheng','2018-12-14 09:33:31'), ('285','äºŒçº§å»ºé€ å¸ˆ','å¹¿ä¸œçœ','ä¸­å±±å¸‚','è¯¸è‘›äº®','13936987456','å¹¿å·å¸‚å»ºå§”',NULL,NULL,NULL,'A',NULL,'æš‚æ— ','ç©ºå·','1','0','kecheng','2018-12-14 09:33:31'), ('286','ä¸€çº§å»ºé€ å¸ˆ','å¹¿ä¸œçœ','æ·±åœ³å¸‚','é‚“å­æ˜','13936987456','å¹¿å·å¸‚å»ºå§”',NULL,NULL,NULL,'A',NULL,'æš‚æ— ','ç©ºå·','1','0','kecheng','2018-12-22 10:11:18'), ('305','äºŒçº§å»ºé€ å¸ˆ','å¹¿ä¸œçœ','ä¸­å±±å¸‚','è¯¸è‘›äº®','13936987456','å¹¿å·å¸‚å»ºå§”',NULL,NULL,NULL,'A',NULL,'æš‚æ— ','ç©ºå·','1','0','kecheng','2018-12-24 09:20:38'), ('306','ç½‘ç»œå·¥ç¨‹å¸ˆ','å¹¿ä¸œçœ','æ·±åœ³å¸‚','èµµçº¢ä¼Ÿ','13936987456','å¹¿å·å¸‚å»ºå§”',NULL,NULL,NULL,'A',NULL,'æš‚æ— ','ç©ºå·','1','0','kecheng','2018-12-24 09:29:40'), ('307','å®‰å…¨å·¥ç¨‹å¸ˆ','å¹¿ä¸œçœ','ä¸œèå¸‚','å¼ å¤§åƒ','13936987456','å¹¿å·å¸‚å»ºå§”',NULL,NULL,NULL,'A',NULL,'æš‚æ— ','ç©ºå·','1','0','kecheng','2018-12-24 09:29:40'), ('308','é€ ä»·å·¥ç¨‹å¸ˆ','æ²³å—çœ','éƒ‘å·å¸‚','æå–„é•¿','13936987456','å¹¿å·å¸‚å»ºå§”',NULL,NULL,NULL,'A',NULL,'æš‚æ— ','ç©ºå·','1','0','kecheng','2018-12-24 09:29:40'), ('309','äºŒçº§å»ºé€ å¸ˆ','å¹¿ä¸œçœ','ä¸­å±±å¸‚','è¯¸è‘›äº®','13936987456','å¹¿å·å¸‚å»ºå§”',NULL,NULL,NULL,'A',NULL,'æš‚æ— ','ç©ºå·','1','0','kecheng','2018-12-24 09:29:40'), ('310','ç½‘ç»œå·¥ç¨‹å¸ˆ','æ²³å—çœ','éƒ‘å·å¸‚','èµµçº¢ä¼Ÿ','13936987456','éƒ‘å·å¸‚å»ºå§”',NULL,NULL,NULL,'A',NULL,'æš‚æ— ','ç©ºå·','1','0','kecheng','2018-12-24 09:34:42'), ('311','å®‰å…¨å·¥ç¨‹å¸ˆ','å¹¿ä¸œçœ','ä¸œèå¸‚','å¼ å¤§åƒ','13936987456','å¹¿å·å¸‚å»ºå§”',NULL,NULL,NULL,'A',NULL,'æš‚æ— ','ç©ºå·','1','0','kecheng','2018-12-24 09:34:42'), ('312','é€ ä»·å·¥ç¨‹å¸ˆ','æ²³å—çœ','éƒ‘å·å¸‚','æå–„é•¿','13936987456','å¹¿å·å¸‚å»ºå§”',NULL,NULL,NULL,'A',NULL,'æš‚æ— ','ç©ºå·','1','1','kecheng','2018-12-24 09:34:42'), ('313','äºŒçº§å»ºé€ å¸ˆ','å¹¿ä¸œçœ','ä¸­å±±å¸‚','è¯¸è‘›äº®','13936987456','å¹¿å·å¸‚å»ºå§”',NULL,NULL,NULL,'A',NULL,'æš‚æ— ','ç©ºå·','1','0','kecheng','2018-12-24 09:34:42'), ('314','ç½‘ç»œå·¥ç¨‹å¸ˆ','æ²³å—çœ','éƒ‘å·å¸‚','èµµçº¢ä¼Ÿ','13936987456','éƒ‘å·å¸‚å»ºå§”',NULL,NULL,NULL,'A',NULL,'æš‚æ— ','ç©ºå·','1','0','kecheng','2018-12-24 09:41:11'), ('315','å®‰å…¨å·¥ç¨‹å¸ˆ','å¹¿ä¸œçœ','ä¸œèå¸‚','å¼ å¤§åƒ','13936987456','å¹¿å·å¸‚å»ºå§”',NULL,NULL,NULL,'A',NULL,'æš‚æ— ','ç©ºå·','1','0','kecheng','2018-12-24 09:41:11'), ('316','é€ ä»·å·¥ç¨‹å¸ˆ','æ²³å—çœ','éƒ‘å·å¸‚','æå–„é•¿','13936987456','å¹¿å·å¸‚å»ºå§”',NULL,NULL,NULL,'A',NULL,'æš‚æ— ','ç©ºå·','1','0','kecheng','2018-12-24 09:41:11'), ('317','äºŒçº§å»ºé€ å¸ˆ','å¹¿ä¸œçœ','ä¸­å±±å¸‚','è¯¸è‘›äº®','13936987456','å¹¿å·å¸‚å»ºå§”',NULL,NULL,NULL,'A',NULL,'æš‚æ— ','ç©ºå·','1','0','kecheng','2018-12-24 09:41:11'), ('318','ç½‘ç»œå·¥ç¨‹å¸ˆ','æ²³å—çœ','éƒ‘å·å¸‚','èµµçº¢ä¼Ÿ','13936987456','éƒ‘å·å¸‚å»ºå§”',NULL,NULL,NULL,'A',NULL,'æš‚æ— ','ç©ºå·','1','1','kecheng','2018-12-24 09:47:17'), ('319','å®‰å…¨å·¥ç¨‹å¸ˆ','å¹¿ä¸œçœ','ä¸œèå¸‚','å¼ å¤§åƒ','13936987456','å¹¿å·å¸‚å»ºå§”',NULL,NULL,NULL,'A',NULL,'æš‚æ— ','ç©ºå·','1','0','kecheng','2018-12-24 09:47:17'), ('320','é€ ä»·å·¥ç¨‹å¸ˆ','æ²³å—çœ','éƒ‘å·å¸‚','æå–„é•¿','13936987456','å¹¿å·å¸‚å»ºå§”',NULL,NULL,NULL,'A',NULL,'æš‚æ— ','ç©ºå·','1','1','kecheng','2018-12-24 09:47:17'), ('321','äºŒçº§å»ºé€ å¸ˆ','å¹¿ä¸œçœ','ä¸­å±±å¸‚','è¯¸è‘›äº®','13936987456','å¹¿å·å¸‚å»ºå§”',NULL,NULL,NULL,'A',NULL,'æš‚æ— ','ç©ºå·','1','0','kecheng','2018-12-24 09:47:17'), ('322','ç½‘ç»œå·¥ç¨‹å¸ˆ','æ²³å—çœ','éƒ‘å·å¸‚','èµµçº¢ä¼Ÿ','13936987456','éƒ‘å·å¸‚å»ºå§”',NULL,NULL,NULL,'A',NULL,'æš‚æ— ','ç©ºå·','1','1','kecheng','2018-12-24 09:52:57'), ('323','å®‰å…¨å·¥ç¨‹å¸ˆ','å¹¿ä¸œçœ','ä¸œèå¸‚','å¼ å¤§åƒ','13936987456','å¹¿å·å¸‚å»ºå§”',NULL,NULL,NULL,'A',NULL,'æš‚æ— ','ç©ºå·','1','0','kecheng','2018-12-24 09:52:57'), ('324','é€ ä»·å·¥ç¨‹å¸ˆ','æ²³å—çœ','éƒ‘å·å¸‚','æå–„é•¿','13936987456','å¹¿å·å¸‚å»ºå§”',NULL,NULL,NULL,'A',NULL,'æš‚æ— ','ç©ºå·','1','1','kecheng','2018-12-24 09:52:57'), ('325','äºŒçº§å»ºé€ å¸ˆ','å¹¿ä¸œçœ','ä¸­å±±å¸‚','è¯¸è‘›äº®','13936987456','å¹¿å·å¸‚å»ºå§”',NULL,NULL,NULL,'A',NULL,'æš‚æ— ','ç©ºå·','1','0','kecheng','2018-12-24 09:52:57'), ('326','ç½‘ç»œå·¥ç¨‹å¸ˆ','æ²³å—çœ','éƒ‘å·å¸‚','èµµçº¢ä¼Ÿ','13936987456','éƒ‘å·å¸‚å»ºå§”',NULL,NULL,NULL,'A',NULL,'æš‚æ— ','ç©ºå·','1','1','kecheng','2018-12-24 09:54:54'), ('327','å®‰å…¨å·¥ç¨‹å¸ˆ','å¹¿ä¸œçœ','ä¸œèå¸‚','å¼ å¤§åƒ','13936987456','å¹¿å·å¸‚å»ºå§”',NULL,NULL,NULL,'A',NULL,'æš‚æ— ','ç©ºå·','1','0','kecheng','2018-12-24 09:54:54'), ('328','é€ ä»·å·¥ç¨‹å¸ˆ','æ²³å—çœ','éƒ‘å·å¸‚','æå–„é•¿','13936987456','å¹¿å·å¸‚å»ºå§”',NULL,NULL,NULL,'A',NULL,'æš‚æ— ','ç©ºå·','1','1','kecheng','2018-12-24 09:54:54'), ('329','äºŒçº§å»ºé€ å¸ˆ','å¹¿ä¸œçœ','ä¸­å±±å¸‚','è¯¸è‘›äº®','13936987456','å¹¿å·å¸‚å»ºå§”',NULL,NULL,NULL,'A',NULL,'æš‚æ— ','ç©ºå·','1','0','kecheng','2018-12-24 09:54:54'), ('330','ç½‘ç»œå·¥ç¨‹å¸ˆ','æ²³å—çœ','éƒ‘å·å¸‚','èµµçº¢ä¼Ÿ','13936987456','éƒ‘å·å¸‚å»ºå§”',NULL,NULL,NULL,'A',NULL,'æš‚æ— ','ç©ºå·','1','1','kecheng','2018-12-24 10:08:14'), ('331','å®‰å…¨å·¥ç¨‹å¸ˆ','å¹¿ä¸œçœ','ä¸œèå¸‚','å¼ å¤§åƒ','13936987456','å¹¿å·å¸‚å»ºå§”',NULL,NULL,NULL,'A',NULL,'æš‚æ— ','ç©ºå·','1','0','kecheng','2018-12-24 10:08:14'), ('332','é€ ä»·å·¥ç¨‹å¸ˆ','æ²³å—çœ','éƒ‘å·å¸‚','æå–„é•¿','13936987456','å¹¿å·å¸‚å»ºå§”',NULL,NULL,NULL,'A',NULL,'æš‚æ— ','ç©ºå·','1','1','kecheng','2018-12-24 10:08:14'), ('333','äºŒçº§å»ºé€ å¸ˆ','å¹¿ä¸œçœ','ä¸­å±±å¸‚','è¯¸è‘›äº®','13936987456','å¹¿å·å¸‚å»ºå§”',NULL,NULL,NULL,'A',NULL,'æš‚æ— ','ç©ºå·','1','0','kecheng','2018-12-24 10:08:14'), ('334','ç½‘ç»œå·¥ç¨‹å¸ˆ','æ²³å—çœ','éƒ‘å·å¸‚','èµµçº¢ä¼Ÿ','13937174487','éƒ‘å·å¸‚å»ºå§”',NULL,NULL,NULL,'B',NULL,'æš‚æ— ','ç©ºå·','1','1','kecheng','2018-12-24 10:11:58'), ('335','å®‰å…¨å·¥ç¨‹å¸ˆ','å¹¿ä¸œçœ','ä¸œèå¸‚','å¼ å¤§åƒ','13936987456','å¹¿å·å¸‚å»ºå§”',NULL,NULL,NULL,'A',NULL,'æš‚æ— ','ç©ºå·','1','0','kecheng','2018-12-24 10:11:58'), ('336','é€ ä»·å·¥ç¨‹å¸ˆ','æ²³å—çœ','éƒ‘å·å¸‚','æå–„é•¿','13936987456','å¹¿å·å¸‚å»ºå§”',NULL,NULL,NULL,'C',NULL,'æš‚æ— ','ç©ºå·','0','1','kecheng','2018-12-24 10:11:58'), ('337','äºŒçº§å»ºé€ å¸ˆ','å¹¿ä¸œçœ','ä¸­å±±å¸‚','è¯¸è‘›äº®','13936987456','å¹¿å·å¸‚å»ºå§”',NULL,NULL,NULL,'A',NULL,'æš‚æ— ','ç©ºå·','1','0','kecheng','2018-12-24 10:11:58'), ('338','ç½‘ç»œå·¥ç¨‹å¸ˆ','æ²³å—çœ','éƒ‘å·å¸‚','èµµçº¢ä¼Ÿ','13936987456','éƒ‘å·å¸‚å»ºå§”',NULL,NULL,NULL,'A',NULL,'æš‚æ— ','ç©ºå·','1','1','kecheng','2018-12-24 10:12:37'), ('339','å®‰å…¨å·¥ç¨‹å¸ˆ','å¹¿ä¸œçœ','ä¸œèå¸‚','å¼ å¤§åƒ','13936987456','å¹¿å·å¸‚å»ºå§”',NULL,NULL,NULL,'A',NULL,'æš‚æ— ','ç©ºå·','1','0','kecheng','2018-12-24 10:12:37'), ('340','é€ ä»·å·¥ç¨‹å¸ˆ','æ²³å—çœ','éƒ‘å·å¸‚','æå–„é•¿','13936987456','å¹¿å·å¸‚å»ºå§”',NULL,NULL,NULL,'A',NULL,'æš‚æ— ','ç©ºå·','1','1','kecheng','2018-12-24 10:12:37'), ('341','äºŒçº§å»ºé€ å¸ˆ','å¹¿ä¸œçœ','ä¸­å±±å¸‚','è¯¸è‘›äº®','13936987456','å¹¿å·å¸‚å»ºå§”',NULL,NULL,NULL,'A',NULL,'æš‚æ— ','ç©ºå·','1','0','kecheng','2018-12-24 10:12:37');
INSERT INTO `roles` VALUES ('1','è¶…çº§ç®¡ç†å‘˜','1'), ('2','æ™®é€š','1'), ('3','ä¸­çº§','1'), ('4','é«˜çº§','1');
INSERT INTO `shenfens` VALUES ('1','æ™®é€šç”¨æˆ·','1'), ('2','ä¸­çº§ç”¨æˆ·','1'), ('3','é«˜çº§ç”¨æˆ·','1');
INSERT INTO `shengs` VALUES ('1','å¹¿ä¸œçœ'), ('2','æ¹–å—çœ'), ('3','æ²³å—çœ');
INSERT INTO `users` VALUES ('1','ç‘å¾·å¨','redwe','123456','3','3','2','2','1','/uploads/20181225/c65bc0bbe644dfbf85ad03b34c5eef9b.jpg','2018-12-06 00:00:00'), ('2','admin','admin','123456','1','1','5','5','1',NULL,'2018-12-07 00:00:00'), ('3','å¼ºå“¥','qiangge','123456','2','2','6','6','1',NULL,'2018-12-07 00:00:00'), ('4','hong','12312','123456','3','3','1','7','0',NULL,'2018-12-07 00:00:00'), ('5','è±†è±†','doudou','123456','1','2','2','2','1',NULL,'2018-12-07 00:00:00'), ('6','weida','weiwei','123456','2','3','3','2','1',NULL,'2018-12-07 00:00:00'), ('7','æ¨æ³½','yangze','123456','1','1','1','1','1',NULL,'2018-12-07 05:19:51'), ('8','abck','123456','123456','1','3','2','7','1',NULL,'2018-12-11 02:28:49');
